photo_id,product_id,photo_type,url,uploaded_at
368e083c-96ee-4dc8-8d82-1ed714eb1f90,74c2c092-3721-4150-bb48-7592c069cb00,packaging,https://storage.googleapis.com/mealmind-product-images/products/574e814e-bb7c-44dd-851f-fb0ee18eb73c-syr_hmarynka_bilo_350g_5_na_foni_neba-1-660x780-q90-gd.webp?GoogleAccessId=mealmind-admin%40mealmind-485208.iam.gserviceaccount.com&Expires=1770728521&Signature=iUmfe9CQftp9PFOZieA1cWNHzc29jhGsgu9jygc%2FJpo4T3lGUSeqeh1auOxFGgU3zzzwGIvKFTWl%2FIcB5bKW0BTI4rBMb6UDD%2B4fy2bvAwLmd%2FWGunh9Zdh%2BPIEE3IS9R6B%2FHqAmFCXUJoLfZ7DifdVt8yL7lah5LwHlLwq3XeJakXq%2FVsMsiKgBNrw2%2F1U5oBv3S8mBF7YpMlBNO6y2bR1EUqllflVngfdvENYO4cg%2BSMuw4yp31dgPhXfSLHEVTlUTZRcaNASXGzV%2BwZHFt%2B2Gz%2FcOz2jRDfXug05WLDxLMUjkz05qPXRN5d2vp3lssSYFghkEaG7%2F1jZFwPrCPw%3D%3D,2026-02-03T13:02:57.402Z
a88320a9-049d-45d0-9812-ae1957e8f1ab,7c1745e6-4ac3-4256-8a3f-1a30e21eed6c,packaging,https://storage.googleapis.com/mealmind-product-images/products/6c5a6f2f-f94e-4ac9-b66a-fb2da065d0c2-17705397437424720534624977294345.jpg?GoogleAccessId=mealmind-admin%40mealmind-485208.iam.gserviceaccount.com&Expires=1771144571&Signature=OLnmlGML8Xs4BEhAH2yDVW2H0gLvBuHyyz5uDeVL%2BNmBKeBSSvKKJ%2B7mslC%2FLREHRHMBox8QF9mZpQotKTjacJZGqBpGlwnhbbfmwhtIMPYqxynXUauJEwV4FJoc4zntSwm7ph8UmjnFRJqQqgPC7cV5GzICLGBXj%2BlKDDXFM2e4w3DZfM%2FlT65%2F6suwUqFJDb5tIIxQNnn5PN5ct7UvRHPM7cQ6%2BU31vUBAlox8inzcGbsoSeC3relfX46IGehD1TQZaUfHMtoTdecISI3oePLRGsHFEk6w3EewrwR9GWBUyVDEB1IZswsdg70o3htrHf%2FVSOzVLcQNeTfjYviinA%3D%3D,2026-02-08T08:40:46.061Z
0736d037-1e24-446d-80fe-2e33c64bc8c5,7c1745e6-4ac3-4256-8a3f-1a30e21eed6c,ingredients,https://storage.googleapis.com/mealmind-product-images/products/e9704f59-b0ca-41a4-94c3-1ca091c680c6-1770539789841587657853413167728.jpg?GoogleAccessId=mealmind-admin%40mealmind-485208.iam.gserviceaccount.com&Expires=1771144629&Signature=f%2BX4eb92eWbK6iPjdF%2BKNs8zRPRmBatfyjhn6EW6a%2FDAdTocFscL129OHx3nKle8%2BWGZtg13QbejmIbLIV%2Bt3Sorzc48uHz%2FZBn77eEbRmy%2F7R46Tbi6w%2F%2B324GPkkI546qCJ%2BsIMUvzDkmEP0lsyGYarDRIb4nHB5AaWsI3i617wZiELC1tNY2retIesxvrVCJAxCIjXYMuCj7udbjGZixBrRSFhhVKM1snlDF1PQK3n5jthiT0jQU3IN5XWYBNeSMO0y%2BVX1euECBGJSDzNkSXB%2BDD4Drm5pXnSH8qxNV0%2FgnMFiggC8JBb6G8uEHjdHu9Mlr%2B3WMuo0mz7yEcOw%3D%3D,2026-02-08T08:40:46.061Z
8f58b4ea-e4f6-4474-8650-4028494c5583,7c1745e6-4ac3-4256-8a3f-1a30e21eed6c,other,https://storage.googleapis.com/mealmind-product-images/products/b1f04ce4-052e-49c8-a1a8-2c9e245263d3-17705398408853005854745278225379.jpg?GoogleAccessId=mealmind-admin%40mealmind-485208.iam.gserviceaccount.com&Expires=1771144655&Signature=PgSmahWOMGJNiUNO%2BH7NQQsu2d8ck%2Ba7AXdDbfhNnAj4cHEN6x9glSWVwPRdZJJooMHAfh11eDI3R3ST4X%2FTXQn2ToHQ0tSrZz8sT81fkPQ2TdX22STQh%2FPIBIatEQ9k0iSENH5McC9DCPt%2FymoeWXIkwuQZcxB09QPLNMKZWRBqwGIQ1iK%2BarWJrCXVuI7SD8px8qLsTb3%2BwC00My%2FHiPefspgRZA%2FfQaMrXayfuLo4brH%2BrhY2VY1hm7ZSY9rvSum5Bj6qPZqvh0p6FAEZL%2BfgUpBykSPnvJ8MK0txeChqt9LkCxG7F1mfJmxA9tl8hzWRAG6U99xMQwzy9GVPLQ%3D%3D,2026-02-08T08:40:46.061Z
02e0dfd2-f7f5-4b7a-9119-c6aec356a6e0,da5a35f5-d87f-487c-ad7c-fc8f406bd8b4,packaging,https://storage.googleapis.com/mealmind-product-images/products/77518bda-9ef3-4a50-8558-d365a4bd6e6f-17705401825628838574239562522259.jpg?GoogleAccessId=mealmind-admin%40mealmind-485208.iam.gserviceaccount.com&Expires=1771145006&Signature=ZBqbBoDZeBIYxz5dByyoyFKgj0KC%2Bm7u3twRhv%2FWZqbnmM3y3EAhrkIfaCt12O9Hyex8OSDYkyKhEgQMGq6G6XvWdd9i4d%2BUAhTxv7CmiaJfBxgIOVZJ2CoulUqI44w8eoIumyxBKENR54qiXvVZLk3MztL%2FUXWUzi4JeSgYLzoZpxYmOgnDSUh%2BDDFBKU1iiKoMAfQMrNk7Lwiz%2FPQWQgHs%2Fwg%2BJ6zaUGYRs8H8buXb5VI69nmH5mVyW188PR%2BAocf5KrP6eMjVqQ0Oyr0pi7mdKvWHu0VS8D37ShCCp8HzKqC7lBv7V1lRqqcJuVkRkw9M%2B%2FvAYmu1jjLCm6F%2Fog%3D%3D,2026-02-08T08:47:17.981Z
8ff0b52a-bc9c-4175-b325-bb202e4e15d9,da5a35f5-d87f-487c-ad7c-fc8f406bd8b4,ingredients,https://storage.googleapis.com/mealmind-product-images/products/70eba806-fc8d-4dd4-8d3d-e0f9066fe65e-17705402170011603310740416916632.jpg?GoogleAccessId=mealmind-admin%40mealmind-485208.iam.gserviceaccount.com&Expires=1771145048&Signature=n3d826%2BuMGCxaAf7DF0zpwnXHr4dRllHthTPXqbbTpowCc1WJ9qX1oR4ebR5h1uJ3G8%2FqlaeGWVehVf6bV3rEzsi1ryT05Hk1Dq9yOFteTzFkPKVjbS6GC6aDArrtGxOnUQTRri3EaAiH50Aq9g9kEhMYdK8yugBfsOHzFhMSyQVXa9xDc2D6hmQ3FFgMeXCweB0yz2%2F6LiYeVork8JGHBHTJA6GmW17uWYNS4BxOOZfiianWzQWVXsn22YSS3R2SVrc1NCXys8QK6P8EX3CY9ISjp0NF31NwhKmV2xqiNigwqJaqRnUytvVwpdg5CrYXHpET73V6hfoyrW%2FHM7CFg%3D%3D,2026-02-08T08:47:17.981Z
a982af23-9c88-4215-935a-fd88f8011186,da5a35f5-d87f-487c-ad7c-fc8f406bd8b4,other,https://storage.googleapis.com/mealmind-product-images/products/27d52e22-cb26-49ca-be62-f1ef056f8e32-17705402545368630055839370016893.jpg?GoogleAccessId=mealmind-admin%40mealmind-485208.iam.gserviceaccount.com&Expires=1771145081&Signature=aZhLaMkVCDSviXXRkLV8ElROs%2FVcLjVUGJAXlwBhJ2TzcwdF8pA6DWi70sGngKrhNCoD%2B4ehhvJOhpSSgTdN%2F2peBymQK185oxP8n64cASVDM1RbYcP1hEq1M7%2B3ZI1PKhFQkgYjllbYK1En8q2VE%2F1STqrchCL7Ku7mEV6gPjm79ogJIE%2Fn3RMzZRaPjvMcPQMsRoEiVshk90PYL0zpJug13%2FRth1xHQtmD1qiaMBduwetL4iApvfywctUq69cSTKW6mokyCdVchm50aSh702beos%2FwIahS2orH8lXcXpMm4TBNvGW4zQ46mkZ147il2OG5Wd9iWDUQJNXIHdktPQ%3D%3D,2026-02-08T08:47:17.981Z
ec44d7dc-1e14-4126-979e-f5f2933b514e,b5655e2a-a621-4e0e-969e-33c946c1b61f,packaging,https://storage.googleapis.com/mealmind-product-images/products/568f05ac-51c8-4973-8d31-0ccb436ef0d8-17705405254981225016828554238337.jpg?GoogleAccessId=mealmind-admin%40mealmind-485208.iam.gserviceaccount.com&Expires=1771145355&Signature=FeiESGB7oeWBXCtQczIYyhEq6RyIm7YbWrF0QQ3E47lMIhF5MSCOoMRR3U3zAvmjN5dgE18NwbB41687KmbhCwLYeL2La0C8LjL59BWnsLr9dNfqJZhFP46wVIsgTPgrLj4vRi6KsFJuQBLqKIdyL77F6UOwVi2LT%2B8f4ztBtnXOiVc2cHPdl%2BOUQteoXMzp%2Fwk6QI0lUpkGJzzBxYK4AuTqrQZMkzcvw7Z%2Bv2MpeZBt4xG0TMq4tjIIO0IZwSoFbuL%2BlFLXQ6TRnwEuIgElzWfauNSk0K%2FJTG4XuV8VShQZ4JS%2FhOcocOF1SN1TN%2BlAt5vVh6JQ4RbJT6nXxK%2BEoA%3D%3D,2026-02-08T08:51:24.126Z
a30e8964-9a45-4145-b383-11b9bada830b,b5655e2a-a621-4e0e-969e-33c946c1b61f,ingredients,https://storage.googleapis.com/mealmind-product-images/products/33ea80ef-e108-45b9-b306-47db508db729-17705405621007372760525015224596.jpg?GoogleAccessId=mealmind-admin%40mealmind-485208.iam.gserviceaccount.com&Expires=1771145381&Signature=N7z8YWNzseQsj3wdyLiXI8AgCv7TAf7LADphvSr7T10kmYhbjdtujoW4LMz8C%2BOSjyI1Xt5bzmBox0BoQhSK0fGYlI4KwXzSg9f2bF%2B%2BrNLR1pxqzmxtIO1biunhGwCDQcBEk%2Fk%2Fqovfu%2BCJbCRKwlG4ezBuZWemwPqQ13vvlQZq%2BVo3CkuJHPKBL3EJGzAVte%2FPy%2FyXVsqb%2FVBHJC7Wf%2BhWRfpMJzONk0uRs0UOm6TAxsftVT6SJX3xlns29fIq6O9Uz0aH0Oxo1E7eUSRuwNthx8IBjWfOZbHbMMcF41w6djZgvA8ZtRL40T8Gbaeuc2K6udH28c3JHGiAocEYUQ%3D%3D,2026-02-08T08:51:24.126Z
44e40b84-259a-4205-ab65-74e9940ae973,b5655e2a-a621-4e0e-969e-33c946c1b61f,other,https://storage.googleapis.com/mealmind-product-images/products/d87b2179-dbdb-4ee9-9565-09ae602b0c95-177054058541331731181104112261.jpg?GoogleAccessId=mealmind-admin%40mealmind-485208.iam.gserviceaccount.com&Expires=1771145406&Signature=tBT4KUdjzGyHyqRdDNqBQPts0i%2BrMsFtld%2FP1lY426%2BltgkG%2BhlwzzuN3J9h6bChjo0uJRB5gK2pNJwzPozSchm6wP1cARdZ6VUw4OjXsbwXxH9OqUuTY%2FwY6yOjho4rvGESXfNmHAfQ04fOoi3X0O22lZ1FNuZ7Cr56xAVmEde3x7kDpvxG7OdJjNaVRuORk0xBYH4JRs05wEPPnQh5mAq1Y62Dm5CFwOYla%2FOJlLFCAQbE4P5MuMtOayE0GPQT%2BoCj8V1ozl6SQV9pPiPP2w0oZCwlfc9pr1ayvX7RPeaYPp5eRVfcphyakOF0Yho4nw69kWoolSO1Q%2BIWlph4iQ%3D%3D,2026-02-08T08:51:24.126Z
0b1d1588-49c8-43ae-ac11-b2d3a4c57797,234d41df-52c5-446b-a213-aec0afcfdfb4,packaging,https://storage.googleapis.com/mealmind-product-images/products/d7a4a2ce-9c62-4a1f-8103-f954a370b5bd-17705407805574910722961713341091.jpg?GoogleAccessId=mealmind-admin%40mealmind-485208.iam.gserviceaccount.com&Expires=1771145600&Signature=UdKNm3SW6GEOKxE2vjt6bMUpLxr6xtAqtwG98gdHnFKab3pAWDtL6bqoLemjU9TgCO3R1tm%2BxpZaTLoc3FRKxdjVo%2FM6BOXP6%2BaB0U5eSv4EBfhsB1utfi4coAqTw5QAc%2Biy83gCJ%2BNbT5GcEt2%2BE4lx80zAAv4gUssjWYd8XJlb39mDXye9GovSo8G52i1BLrknE9atxr2b3LC0Ie0avUdrS0mKzYshWuwQPb40xH8XWmstnflix98BaDWl8klgRQ7zKPU1CMIjmjEDPvcVsUjnQKbIn3dAxux88y01GIvVOfzBiF%2BqYXeINi7r7iHEdFvYNUiJ%2ByuiVR%2FGRK0yCQ%3D%3D,2026-02-08T08:55:37.054Z
f97a4d60-8892-460d-ae1b-595fa5711f43,234d41df-52c5-446b-a213-aec0afcfdfb4,ingredients,https://storage.googleapis.com/mealmind-product-images/products/4431fec7-0726-46bc-8645-4519cd7c9fd9-17705408046106562096127100292808.jpg?GoogleAccessId=mealmind-admin%40mealmind-485208.iam.gserviceaccount.com&Expires=1771145619&Signature=JHqdZc4iozW1OU8hX2Euenlvu0nqIa3eA4v9QRmdENFiONU9K2CJPl3eCLMhIqZTw1Bs6Y%2FRATKr%2BmYl%2FGuckApKna%2F8uYqe7%2BLkIXtK2pVjl5%2Fj8YAnoRRV0ngX9M%2F6DEWi8XGSuKVrVj91zMPvLVe1%2BmBMFojnsc%2FHzdSCW9RxxdH8hYPybNVsa8SUCV3sWTywtIDy6R86ukM1B13QqL7VVg3hYn9mwJuPyWdOqWqB%2BbFpqBIqYOE%2F7qEDdtGsMyrbQYhq45l2WXaEZNmt0onFIsiMarJPGDUtCh%2BQE0IqVW1r6xoR58KDja6ACZ2TSPFrfUYfqsZS%2F6sBSN%2F%2Fkg%3D%3D,2026-02-08T08:55:37.054Z
9ef8f5e9-4ac2-4d37-b904-e989076df70a,234d41df-52c5-446b-a213-aec0afcfdfb4,other,https://storage.googleapis.com/mealmind-product-images/products/c94393e2-c8e5-491a-a576-10d00c32cc66-17705408239787338367406589606297.jpg?GoogleAccessId=mealmind-admin%40mealmind-485208.iam.gserviceaccount.com&Expires=1771145651&Signature=QM9z6wT7xc2B%2F2Npd%2BIH5GdLXifP9NzWDj%2FuGwasM8vjxlSWN6dYyq%2B7X6puHF%2BoyJX0LUW9B5Gh2uc7hzHWWStLAp%2BqszsivsmTJKJYFB49EAlwoUo1aq6QKucFQoGC5sEgrS5t%2FjGYZsQFkRqaylepJQ7qv9TN2dHeJ0%2B9j4CxJT9bt3LtxWh41Ik%2B2ciRlBe%2FK5GUWO5Khevpz48m7MTD%2FToAMl0tsdaLrs4zyFXW9xEAU9jlIb7fnYHcnNNyVRoMcnJKPO0rDbXW9lPah0qU%2FxLqlLMqM9BF120o2RFGEPb5q6Ea23pDXlcZ2UT4DRXHO%2FgZLQy8OeFK1UWYNg%3D%3D,2026-02-08T08:55:37.054Z
9da43013-9259-45e8-9b46-06d8212197d8,e5dcf4a3-aee8-4f86-954c-4ba42fddce08,packaging,https://storage.googleapis.com/mealmind-product-images/products/4fe1659a-9508-4692-b70a-fa1d976fe213-17705409980453546797284884705425.jpg?GoogleAccessId=mealmind-admin%40mealmind-485208.iam.gserviceaccount.com&Expires=1771145822&Signature=RzJOcOIDN9ZU9kWYbbp4i8cuXZTaMIEMdZKIAfTvcATCxWW81nwuGCaeVHz1G2NaGvrk37ITItSadYZgmG%2F3XnuL4uHbvgO45SzlxUyxj6nv6GVrJMvUeg6YoKtDPd%2BRWPUf%2Fl5ZYV49vfFJTuVNVu2pA1WFPFjfxDw3ZwgRbt8w5IEbKzfzx%2BGGyudjIatxEwWwje0T3d6Ct8H26ERTKOWXODcV2vWFFkyKSdhQWtgXjPql1R1sA3JdIb1La9RsQKTir7iOf%2FAjPK6SkVrKgP4EHF39Qnc6kTMNqKmfhZC26kFltEbyfqtboJ%2FGCYrygF6pEEFLxNNnx%2B7EUppXsg%3D%3D,2026-02-08T08:59:41.661Z
6af9fd41-d395-4148-81ca-fd77e9d6cd4e,e5dcf4a3-aee8-4f86-954c-4ba42fddce08,ingredients,https://storage.googleapis.com/mealmind-product-images/products/580cb9b8-2391-4f60-ac38-54ade7c47ad6-17705410255803356222459735321748.jpg?GoogleAccessId=mealmind-admin%40mealmind-485208.iam.gserviceaccount.com&Expires=1771145845&Signature=f9tMgmIdfsWQJxF4ReZqOp46EcDjFjY9%2FpObyaW8NFhFeGLUlhvSN52T94WsY6O1NqNhA9Em5SqPU%2BW%2FLSH49rcdN%2FHeP7QRgfXAEaKR3tA4eyXDl4eod%2BYxd9QnQb8Y3DBMfwx4j5Pboc4zh87hLSIN1L0%2Bkbl1%2Bw%2B2wvQFtovAmKNfTFcgJ%2FHN8nPMxxIvr6ZhZZOJzXlNUjsPyH%2FjZFfdxPxKgTBJIHxblfkrUznQQeCnTdkFg97Loo6RshgYnHEycl0viQTjAJEP81umrVYTWDhBV1rUnEw4EUiktWqUAoWXlmMje5oN0x9qFVfJs7LEqxsNhYyuPNCO7uwYTQ%3D%3D,2026-02-08T08:59:41.661Z
476dba33-2f73-4944-8ed8-6b1658960445,e5dcf4a3-aee8-4f86-954c-4ba42fddce08,other,https://storage.googleapis.com/mealmind-product-images/products/19a722d4-20bd-4052-ba7d-4736ff0fbfe6-17705410488443556337508588495939.jpg?GoogleAccessId=mealmind-admin%40mealmind-485208.iam.gserviceaccount.com&Expires=1771145875&Signature=P3d%2Fh8UmMwoDoveHwDq5bW%2FclVLRhoc5MQFTqCGCtvE5yDJ9slWK%2BqSl0pHe3B%2FuJD%2Fx3hj194RnI5EPWIhLV7%2B7k%2BjeELGVps3uPRDc%2BKT%2BQETGc12xlkUTHScq%2FX3Z4OsBu7YUWABsje66FG7q0Rr0HmZQkMhs6fW9AfHx7FuIy4a3gmrIsWugWUkltvXA7ua%2FUXDrRd9qxlFTCEIQlIs9du4JbSqFP%2FhPpyoncBEsn%2FBykm48QoSsRsuCzDr4UPHNw2AeijymJyp3WRfVnzcRldNEY%2Be59%2FZjSHTLsTmtDStHH2dVdUGXQB9knbv2VGLFllyesKhhbJZhn97DhA%3D%3D,2026-02-08T08:59:41.661Z
b9802ace-5ef4-4efd-bc44-a051130d474f,23f30940-0535-4f95-b1f9-a33aef98f0f7,packaging,https://storage.googleapis.com/mealmind-product-images/products/b14173c2-3785-4103-979f-c6a83ac8f1d2-17705412625915265412790800772754.jpg?GoogleAccessId=mealmind-admin%40mealmind-485208.iam.gserviceaccount.com&Expires=1771146116&Signature=Ixi1C56saiQGjdjxXES9l3uhLkb5aMziKx1aP0FLgnJvxx0yIIofUqoJ2%2B1hDzotAD2gKbh9QD8nqjeFJnj3VKYh1NyfeFw56UWBIdI1z1KcjXQ2Z7qrDAX4u4IXs4qQPzPl3nQXMZxMHktL4tg%2Fwr8CD2UvP4MSOMZHNNqYAUyHkunMgBd5gIiMadiH5V4RRTPEQmCQWZ4kgguHwX9enkWy6C9C4fuotyW3roVPKt8XMRNKBt9t2b%2B6GWx7iEtFh9c7K%2BkmAGsIxAFmyLBgx7NPkFWTwQp7krmdZLu2x1S3GybidB7csbb5Ry65nutZ2riqT11unE%2Bd3lG45%2FD0ZQ%3D%3D,2026-02-08T09:04:47.955Z
c4317dcb-490e-41c3-9163-afe5d760cf60,23f30940-0535-4f95-b1f9-a33aef98f0f7,ingredients,https://storage.googleapis.com/mealmind-product-images/products/cda58306-1772-4692-9114-eb7e7a493b46-17705413254558444878011928864877.jpg?GoogleAccessId=mealmind-admin%40mealmind-485208.iam.gserviceaccount.com&Expires=1771146138&Signature=rIlT9m2ua58TetWuV6HjszsVRyscF646eiQfbiGJSjwNQU4Kdf1BI1xraFUqQC9UYamsDpcM8VzgRTA3gx86R5oa%2BFZHjjv3DwYvB7yBmSzIoAyynFup7MknXAI5zrqdgXhi3v%2FyJhLO5z7NqhVHWalhwEuFXxJF%2FWwfEY7rMBvKFpHG4KEdG68jISstiIApt3ILaYQ55NgJG0NnDSP7jvd0uuH9zBy2Y6kpoA97s%2B9KaHViBI4tCSKjlvK7eb3dSN7In6ss7TwYTQQZ3hxX2eQCTAIqo6MOxVIl17rNHVScWdK9YH98kM98dCAzJ5m%2F5wXvaYLXe712LPTgUmdibQ%3D%3D,2026-02-08T09:04:47.955Z
4c613e5a-9f06-45e2-a9ac-0d609994deb6,23f30940-0535-4f95-b1f9-a33aef98f0f7,other,https://storage.googleapis.com/mealmind-product-images/products/e2199f66-b3b4-4ce4-bd3d-c5eedcd9b65e-17705413426538048744253111423206.jpg?GoogleAccessId=mealmind-admin%40mealmind-485208.iam.gserviceaccount.com&Expires=1771146154&Signature=OgvizioVdNcPBpyD4y1thdiFWdv75gajEVbZw3TudzXGXRVOvmw%2Bsh8MUXC2H9tbJvIG%2Bc51QzT7aPIlNiCkKcYBoIsWBmKL%2FXiI5vtWDNnsWd2vpDD%2FCGwg%2FvKI0nLftJhEntt7rQ6qTf9toqMZDJ9VU6yDnkXWPzRFhJ%2BJsR2%2BHy6qqX%2Fzk4uCpNPxNfjGk6JUy7FAREaRFIsidqCZWKOUIrNNWjCOugzdYWOThdanhcOj%2F2JselKACaaGoOEdc8ZYA87kumZyp4Ydl6tIuTliBJVbu9uKFfVR9sKWjNDyX%2FS4SniEVgF8j9myp7%2B8pN6%2Fq2S0C0d%2BWLaPPL%2F0aw%3D%3D,2026-02-08T09:04:47.955Z
69680301-596e-4cd4-a2a6-e6964845b7a1,fc7d1adb-ca72-4453-8da2-891e9230e1e0,packaging,https://storage.googleapis.com/mealmind-product-images/products/a8122cb7-7ca9-4ec5-9d1a-e45eb6394bf9-17705416889126113400376251602293.jpg?GoogleAccessId=mealmind-admin%40mealmind-485208.iam.gserviceaccount.com&Expires=1771146514&Signature=CtcDW7T6BvZrRT987FZMhr9qjugdSg55xxtFntyCn%2FEVIjJQwJLwB8Fuq3LoCDA7eTRBdqb5BtbDsYZI0AYJcvpiNiry%2B7Wvbu%2BTZ6U89%2FwHzeU2CJEeV9Gb3VxGgajxSAs2bML0SJeyk%2BNnGLFvuN4NkB4FVH2u6%2BSgkpcNi2uEfiRte6JNJW%2Fo4J04BVv61GIX1qCvnunWmIEXcHDh%2FiaK1BXf8rZD2WPGrKu9CaiumayFlYe655oFxAE%2FujF2RxqiBefAsfhKF4SOa%2BE%2FN0V%2Fx5VqBL%2BLLHjfzd4meBN4Ak0hzr7Oh%2BASu23KG8W2b5YY%2BhqcMnmvFi5ejEgmSQ%3D%3D,2026-02-08T09:12:02.960Z
ac268ffd-15a2-424f-9729-7704d46930f2,fc7d1adb-ca72-4453-8da2-891e9230e1e0,ingredients,https://storage.googleapis.com/mealmind-product-images/products/fbfee8be-c235-4b89-bdbc-3960d2652087-17705417160541447306172193666061.jpg?GoogleAccessId=mealmind-admin%40mealmind-485208.iam.gserviceaccount.com&Expires=1771146534&Signature=Z7SgeGRCpNj3dSEcu5p4rLZzzYcrZyiXb6H%2B4%2BIdhZCR1FwktcgdNfJivHBCpUSIdruqSBYjFh2DF70vb0VHkN1gxqd95iP2ix3rOCyduKDu9LlczG4wf2gKt%2BHRwzyztkC6xjW9aptc5njMUWobVQuTFJ6Lxb1N9Uqh6tdLeyEHAaL64MwcCzksjpcBtdTgIOWUNm7eotqjDbSPWwxq8iUhM%2F3Yb1pcmrq%2Fb6lzvfCWTme2%2Filrh3Zizm%2BqNkCVdjvUZzKYpJTbngk4BPHCIpD6GV2OV2LMoag4MkJHm0hEhEa2Ljg33A5URd5RpUMYMHqcS%2F8JwycBGwK7FwxL4A%3D%3D,2026-02-08T09:12:02.960Z
ef366dba-4def-4851-b0af-74cac6f1f818,fc7d1adb-ca72-4453-8da2-891e9230e1e0,other,https://storage.googleapis.com/mealmind-product-images/products/61eec30d-3f73-4a0f-b829-9d52ca1e4ef7-17705417372508120586890258953028.jpg?GoogleAccessId=mealmind-admin%40mealmind-485208.iam.gserviceaccount.com&Expires=1771146554&Signature=DWvbVw3idlSb8pVcIR7FX9Fa1ruEfCNqUPhtpg9fOrNgE7OAKgBr1VYNcAUo7BuqjfgdJLtP2ERNyXi3M7TOKNl75EQsAsTUAC4g4HmyZbQQtd2NIQmOtrWPneX%2BIRcLfXYiRsTXFolXRb3t1AoYCgE0hrQq8POW%2FkXW6HkGmRKbLOQcDnEhu1Cbhwreg%2FskBrBc4smuQEOrukGbw%2BOX8a9ij%2B8ebxZ8QzltpoWFTPDZNqp1ag3lDDdtYpID%2F6fMbQm417GDUA2Cfi06Z2PGJzsAsz7i9MF8YFqutnPFjc%2B66Q%2Bxsu25C9zcbNaMUUWaUSwf%2Fz1XEfgDPGDKoA%2FC6w%3D%3D,2026-02-08T09:12:02.960Z
4d89931b-3526-4364-9e1e-04d51c271bc6,f5bb2b52-78bc-4887-aa73-0c2dca10b1c1,packaging,https://storage.googleapis.com/mealmind-product-images/products/7f2760ae-4c48-40ce-824d-53d9cadd9019-17705462118984684571357424675478.jpg?GoogleAccessId=mealmind-admin%40mealmind-485208.iam.gserviceaccount.com&Expires=1771151036&Signature=SEXTlwfMHu2t%2F%2FfBRpOVojf1ZtCYF7%2BLTP%2F%2F5TgZbafSEDW%2FNxL%2BaACFSFKhg%2BsaY3LmyJx3%2B1cEigy0QsXQ6cTU4RFDv4fR7Czqcj11mH515hLjUfIXQXaHBMtmkyhEEvER7lHpAa1B1hywpvmndC70zRXoxeDvd%2BvKzT2pAoQE25gcD%2Fa94WYobrZDnuk7P4MZxZRfo9FxMLKa%2F%2BL3Zyln7xA%2FC7X6cPuhDpcrj0AQj2MptqmTp256Xp37Y68nzJHnZQWxoH9iIhg%2BLDZ6B7LjMQWZeiYBiqV8%2FcVRwhfBRqQv7eIG%2F1fK%2FD%2BptJ%2F7FR0IW9R4k7kPVP13WmNSQQ%3D%3D,2026-02-08T10:25:47.852Z
6a3429f1-976f-4294-b11a-6e5fa7be99c8,f5bb2b52-78bc-4887-aa73-0c2dca10b1c1,ingredients,https://storage.googleapis.com/mealmind-product-images/products/c09c7060-85c1-413a-9211-e5bc08ce6e4d-17705462414672368332100123291760.jpg?GoogleAccessId=mealmind-admin%40mealmind-485208.iam.gserviceaccount.com&Expires=1771151058&Signature=okHPOUYBrmfIfEIRfBESQ1E1%2BcyYJWsaTa1DwWRMR09nDBzh5mDPS2P%2Fg91vaD4SAEsfQ1IvcyuLPMmU02f4wRQ5aTpfnwBO2sBT3M8%2B4gjLt6j5AZpU%2BoRHsuQPQwTb97i%2B%2FhLVZeQb2N6v95m0iACYbbyQx%2BVGwdJdW4d09YC0XViDaoLijoprN9FLRONuMO9TFFFirQ%2FTbBQbyFYXGpXA6p3uZg4HPh%2FU2GSm%2BrS0I7HRs%2FNFVX99dGFVVljl7PcA9nHxvBdsvtgR59HM4wLyw6e17H4IAp9HsAU0cEFMc416homP8MKwlSKwDulqa3cH%2FbJmjI6wcFWsBCcraQ%3D%3D,2026-02-08T10:25:47.852Z
2d8693fc-96fa-4eaa-8e1e-78f5e6927125,f5bb2b52-78bc-4887-aa73-0c2dca10b1c1,other,https://storage.googleapis.com/mealmind-product-images/products/7e38aa69-3012-48d3-a9d3-b97c32b4589d-17705462613086591679133196967932.jpg?GoogleAccessId=mealmind-admin%40mealmind-485208.iam.gserviceaccount.com&Expires=1771151072&Signature=U4vrg0ZD6AegO1WITqM1WaWUxaeJxGaPm9LW3X%2Bh7J9G%2FAzFRXqJNQMXoyGGOA%2F%2BYyxIm27XwJs8FhM7e34CLT%2BErKzfV2mVorMrcebjAsTWkdGq3AqrJYwvPFSNmfb9altOHshQqTN221lzbxKKIbt4S5JPATf3SfmRWE6Z193pmSgreImsw3Z1WMwXIqQCcofvEbacWCnhQd3gc4vyUKYWy%2BlDgKIyrJH3PntNxAVqmmIr9OEcLH4tM1EIe79E5%2Br%2F9nunT2xgTJtzWyoLbngoN0CGcq6I6hTOAxol9WIdNLc8QzfHeOootQw9X%2FkiAWBxA4WcW4mBHJOBqmGn6w%3D%3D,2026-02-08T10:25:47.852Z
ea2eebf3-386b-443f-bb65-c853e071de60,064019ac-d9f9-45c2-87c8-c588a9b5ab3d,packaging,https://storage.googleapis.com/mealmind-product-images/products/08039203-1faa-482a-97c1-c37012f60608-17705464729856115958167877877853.jpg?GoogleAccessId=mealmind-admin%40mealmind-485208.iam.gserviceaccount.com&Expires=1771151289&Signature=quQE6W5aiRwf2qj9GHro1UdRdXHOXkWqcC3KYYek8%2FseH5GcP3DaNtWtiHSk230FU2iDPlj4hOQOLXNd2rJN9CXxkuY50klc3FOWGLyi98ys1muOECwNCuphEfNJqsniqH8VI%2Fro9XL5jg5g%2FWEDaAQQ9XqTHciegNOUoZRnTb8mPjgf5ZvIvK%2BdNlO4qkE%2Bl74ztGJdrYZT1r%2B8lDcc%2BrZFx%2B7x5q%2FagccNYiPpV%2BaewE2opN%2F9JDFy4zfdhYrE0eCdFk0SVtobsEoGC8571M4JqI%2FnfIl%2BBiG1F9F6%2BzoyDgc%2FrPtkA9cwkShUXmisHyOURaFE%2F1ERhFJyqGtBlg%3D%3D,2026-02-08T10:30:43.699Z
8f70c887-6835-4226-96a9-150550c442b0,064019ac-d9f9-45c2-87c8-c588a9b5ab3d,ingredients,https://storage.googleapis.com/mealmind-product-images/products/baa0adc4-9911-4399-9add-e596019c4588-17705464960683167135754633198519.jpg?GoogleAccessId=mealmind-admin%40mealmind-485208.iam.gserviceaccount.com&Expires=1771151320&Signature=p8woOqPwnnwek5YQrGHtHGvOuh%2BMr01HLoDhunxTUlYXtXvFrO7UzwGSSs70c3bWWKJ1IsVbNp4NPGtUPBn8T6zoVUMisdhKDwJHOlQUqILNeWPPzpaMB1stJpLb8bQuDS70VYoZXBNd4PN%2B73ZuKK8ZYmg2MeNq%2BNnmdFVSe8E6clxCSd0P3LjRtqbR8o5NKz8w4vDnksXBmvd8eMCRPMWqyUFhj7FKwXMbMRNTDJIF%2FaIn9o%2BtNr2YuextKEdkN%2FuGwUg7ga5U9oiidYxt4KcyysxHh8cicc3ata1tqJMSlyyLetT8IHldw81659cQ3pJnptH%2BWPKoPlImeSTEaA%3D%3D,2026-02-08T10:30:43.699Z
3b21e24b-f649-4df7-a38e-88248f3f0685,064019ac-d9f9-45c2-87c8-c588a9b5ab3d,other,https://storage.googleapis.com/mealmind-product-images/products/955f7ce8-28cb-474f-b930-b8160ceaf89a-17705465246728524377160018273374.jpg?GoogleAccessId=mealmind-admin%40mealmind-485208.iam.gserviceaccount.com&Expires=1771151349&Signature=NNkgVuwtjfz%2B0AgPCZv7lJSgOrAXAvrAiUyLMWFsAqGBBvfh%2FYXAK2HYFuQbctsmPWugWcRECjsk9wnCLgGv7eAF2Y0pWFyrDTSlSdGf8i75s7b%2BCbTW0i%2FfsClW%2FFtYNU0HFFSOkKSkZATkx53e%2FYWB0NqOGfJe6tgi%2Fn834sEKGuLz9ZbpCMnJtpYL2GycIBJzR2EovH%2BlrUHLyGGjHmPFk2JttHDLvKIItA6MG4frtyVShvSHlUIb6EvSu0cLwW8aBEjM78%2FrSrc1rJDswxgMnlzYY1M4%2FWj4NK36HLfzRk4rKP7tkcnHt5MbUXt94zTF5vIA5128uUKnwToxkQ%3D%3D,2026-02-08T10:30:43.699Z
a4eb7fca-0be7-46d6-9312-922123713aa5,20e3e04f-bba5-41fa-88bf-8ae261c5f58d,packaging,https://storage.googleapis.com/mealmind-product-images/products/91a3638e-00a7-4685-ba22-e8763b65b9ac-17705468147603501459252718860522.jpg?GoogleAccessId=mealmind-admin%40mealmind-485208.iam.gserviceaccount.com&Expires=1771151632&Signature=EsVyXPunO7KuSryELIQ3aUlbA2mRp9xcTmqN%2BkskPo08S9sLsS9%2FW%2BOKnLpSDVS3Hw09zzzrXDKXTaom%2FVLqHvpqAhN9%2FrshQatClnbLJ6N4HHaB5o%2Br3D8JHqEFnEbPOVtERKhaTi%2BuD39kWpwDQwOu42%2FEvamDNalrDcdmAsyUg%2F6JaYqjf0Fzao0F945eqZgMGT5%2FmV4W8gIsEiSbSvqnfwWMAnmhRCWcfLzLIZreCX8jFMW2kbTCtJ9NUZtQ9v2vW1l%2F6gITieAN0MEuYFgJydSI9MEAAX%2FgfpOLKPVX759OC4ar5uz2sq%2BSGHvIeGQ2dwsQacBIQu948SzR4Q%3D%3D,2026-02-08T10:36:27.588Z
1782b7e7-3fcb-4a39-839f-989cc98d3329,20e3e04f-bba5-41fa-88bf-8ae261c5f58d,ingredients,https://storage.googleapis.com/mealmind-product-images/products/896d7e85-c031-4222-9ff6-fcf16954ca20-17705468544311921866702642037791.jpg?GoogleAccessId=mealmind-admin%40mealmind-485208.iam.gserviceaccount.com&Expires=1771151676&Signature=UZ%2BJY7Er%2BoCXE%2F70mXuLyiBeyzDF7YvCnpnuiIf7hid%2Fulc2jsDzDOmsE9J9GbwRnEx9y7GWgCIuKGWsUAbqxyF8xJui9vGAWxCooNpf%2BwD0u8FytARy%2FZPPEtRt%2FEANANrWTfr2vwtWK4jTvs4wY%2FTTMC5KloFPPInmn665vMZ9Vr3ICxQUNHgNF0ZEjwb1SwJlRPxlOPshBdjACV7ukpTi5G3bgc9zAfizEP5dB9L%2FZbs1J2RvEuobchBMfr3o8PPBZbENvnegaxUzOgrfU8zrDABD79hMXs1XWf7QoYdl0qHGeCQvrftkCh9C7BFRXeUtk7nONbMvPkRjlXic2A%3D%3D,2026-02-08T10:36:27.588Z
cd89bf19-4db6-46e3-8b91-8e042e0a089c,20e3e04f-bba5-41fa-88bf-8ae261c5f58d,other,https://storage.googleapis.com/mealmind-product-images/products/15179388-6a1b-4606-84e4-473809824120-1770546881261285168316965440392.jpg?GoogleAccessId=mealmind-admin%40mealmind-485208.iam.gserviceaccount.com&Expires=1771151709&Signature=FowOgiHlX6UgfbS96zErxv3evG9Czu6tq1CdOGPAKbXn0VC5%2F1O21SRuBPm%2Bdir%2FDkDqvpfyAJ8Ydc7guli2%2BrrBoNNjrrnxnx6yMAW8YBDdNebNw76E80%2Bra%2F24K%2BaomLNWy8fL%2FFtjKOmGwet5bhgDhc09ANVRFEh0zMJsypOURso3YARIV8k5JTXvGC%2BIf8VEgRlMtJvHIw1xPjvgZZ%2B0EoT3LiTVU8U2flUQ4KOkiVEocJRMch10FOZ4gG8SEh1tmzEp5Lcur0h6pJuzla3GbHr%2BIphHAs%2BJTUBBVzPoqYuVPDIlit4jPUW2FuW0EzApB%2BUN1i0AgtZBx9%2BoDQ%3D%3D,2026-02-08T10:36:27.588Z
9878c1d3-cfbc-4263-bb37-e4f04cb874cf,50e82ff5-9c91-4e8b-9dfd-9520892b781b,packaging,https://storage.googleapis.com/mealmind-product-images/products/389e04c8-ffd7-4b6a-8138-700287160626-17705471936756870538757434628924.jpg?GoogleAccessId=mealmind-admin%40mealmind-485208.iam.gserviceaccount.com&Expires=1771152051&Signature=Gx6Kq5SrgaxJzJg6PqFsmaW%2Bp7dI1oKsP2LgVpTW%2B2VkDfHUO2gGoZ959mxit2Q%2BSRkop9Hd0bsJofk5nkIQrERgZkn3IJDfBz5HZ8OQgbp6LSWHb8CJguT4unVEg6nFUpe2p6jE1qv%2BZwfJil1Bh2WmvQy5KovwFZjzMKl8tAS4fCViV%2FYlcEbopJOBt8s6zzrN2grOoz%2FXFRBt%2F0b8kyeNaxHet%2FwjeEXwHfdHKW%2FEyNge%2BboLydv%2FLKRRrJ%2BMR9zzziwSFdOuKlJ77oUonToH7bzCPV51PA5%2BETrXI7cvK%2FBX1v2jfXJEDFyXwSK89SzF3RTMud2bU7JXbJ4e8g%3D%3D,2026-02-08T10:43:19.236Z
0de6d9db-f345-477c-b0be-5f8094ffdaeb,50e82ff5-9c91-4e8b-9dfd-9520892b781b,ingredients,https://storage.googleapis.com/mealmind-product-images/products/d85aed05-f348-4e46-a2f9-63f6f2153fcb-17705472618995131476973685912772.jpg?GoogleAccessId=mealmind-admin%40mealmind-485208.iam.gserviceaccount.com&Expires=1771152078&Signature=rzdbDVk%2BaSHLzwTFB5wnDXBD2ZyxDYDjddOaDrJbX9Lxo5Yz4LyAx2w8YVQEk9WubAs3ndQSEPrOyNtdna6lT10%2FuKC5E1fOBYHHggUUHzud50Ke1dH3tDvWLG7qaKSMnJ%2B54p7Hc%2BQc%2F2uTGtubsQUeCdX6SrH%2BT6Ec6H0Kgmu9d7XYOg0yWy%2B432R40aYFmtUjW5Ii1Zk0pSK%2FZ4Cd89FSmJ78T6yLDYlLYG6hGfXZ99WjWWC0iOc%2Ft%2BuIWvutoBEJavw1DrzJ3pH7LLykwsk3EQA%2FtHiJLw3Ai%2FXUk02Ox8gvkRtpEeALLrnFIGcwwKvkDHdJA45QkEJIXYECPA%3D%3D,2026-02-08T10:43:19.236Z
36e45b61-036b-4ed9-8732-db724af3919c,50e82ff5-9c91-4e8b-9dfd-9520892b781b,ingredients,https://storage.googleapis.com/mealmind-product-images/products/feef4eef-0813-4a1e-8e86-360c074f7a8a-17705472803017113354619209756318.jpg?GoogleAccessId=mealmind-admin%40mealmind-485208.iam.gserviceaccount.com&Expires=1771152096&Signature=eMpPD6Uj%2FDmxi4fJmowgJvYRPKUBhA1WQzWvqYOrTu7CR7M9GS5Mgr5AixpH9ciTuSiffv2Zzwh4C31HZwZ9%2BT9eTHkHJiWQ%2Bk6ZqoTH%2FRfLceYFx%2BIp%2B%2BRluP%2B1%2BX0E1jNR98KpN8BjZn%2Fer8P58ckpHWAOp5g6nmherL8%2F1zTBG%2F2LGrFCEblARXJsJxsOjUABRxf4Q3lSuZzQrifgKrJ0HZTjJC%2BGCz2TJffpYgmVgzFuSmCgFQ%2BzXaoOcH93b0UdHUb81kj4a7uKV5Rwd8VwveV66%2FYatVFolTahpDzbW5eVYmLFNU5n8P2iUTpDfz3ork9anCXUgZFpXl3Ufg%3D%3D,2026-02-08T10:43:19.236Z
b44d1543-847b-4014-9632-23019076e928,eb59c240-b0cd-4517-bfb9-450263c2afb8,packaging,https://storage.googleapis.com/mealmind-product-images/products/d0197543-ce9a-4808-9f1c-16f9c846e67b-17705476971546108951067330598115.jpg?GoogleAccessId=mealmind-admin%40mealmind-485208.iam.gserviceaccount.com&Expires=1771152526&Signature=T3mjl4k1xV7FlDhGNRgeIVfpTDY%2BeTDYRGfKx%2FT8kD%2BDPmI5pNlNjXk%2FT2g6p8Sew6d2kfAGF9ayecr4wkkhG7smPo2dpebs0ncfXgPhZgBKcAe0w5LqFWD%2BiWZc79d9QnvzRukPymkf7ldYaDJ1udXvJ%2FMOy0JDbc7fUV%2BGzgFHpxZA1Ecn2FJN9atIWEVIsFkVAMbpBirKkhp9QZ8ynLW%2BwAK2DdOuRFB0O1LyGRu7tVw4OYCbUAECzo6yCmSL2p2kgZYzL5Ti9oGGaInYmg31muEDfBvhlHYX3ECujCjfqY0vPQ%2FPPi0yOk9yPQ91AjVFZVcA%2BZsoR%2FFL9vx83A%3D%3D,2026-02-08T10:50:44.223Z
fb0bb8e7-6bd1-4afe-82b6-6c973b1af0fc,eb59c240-b0cd-4517-bfb9-450263c2afb8,ingredients,https://storage.googleapis.com/mealmind-product-images/products/853c07b6-e1ad-4052-906e-c07d15091a62-17705477353935899612896477879533.jpg?GoogleAccessId=mealmind-admin%40mealmind-485208.iam.gserviceaccount.com&Expires=1771152555&Signature=XQPsd%2BobZ%2BTaCTp039BbDAucskAeFet0l%2BSQOWN9%2Bg4Bs7u47OtkRNXU4bdd5Ag9KjoTuxyW4%2BTk3agx73B%2FGNtOAsA10C8foqYEPtZdEZJap3JF8fDpy48P4oaGptwjRXyPh9yRleYuJXdcD1GFkqBQA%2BTbsnbysOk8hzansdeWd%2BPR0zsymJce7noiUUoue44qYgXCPilvWz4kk%2F1xULevpEfl9BHq6oL1dPU9Abvx4spu0YCbyDYCRN9ZTkqiADm6b%2BY9Cfb3c5I%2FMxKb4MJGLM8QmPo6hWBznnJvZfo6Z7eK409cyi01ugJ1mOOHZCKGanMSw704umy7JWzOZw%3D%3D,2026-02-08T10:50:44.223Z
6a4cf163-0951-432d-a689-0e0888d7d9d5,eb59c240-b0cd-4517-bfb9-450263c2afb8,other,https://storage.googleapis.com/mealmind-product-images/products/1074652a-bc2f-4a10-8a25-81d1a836ae28-1770547761540101168638730076554.jpg?GoogleAccessId=mealmind-admin%40mealmind-485208.iam.gserviceaccount.com&Expires=1771152577&Signature=eSWOTx9AwkRYPtFtZHEqyU32fQSEQlA2Ba0%2Bc9q3205uF20ow%2BVohcgHzR%2B%2FQCRX38EPsZofiSo9otnZDKGtqVJeifaLjpnGhXL%2ByPFBfTDm1157vh9OSsRUMn9G3pfMTDpOqe6AWETHCDIGw%2B0TXsPmzUw8vGopmJ86YW0NICb5fB%2F5TOqRIHIizxf4aKBgHBS7tJzHnqjp8CYvHLOS94hz2VGttpDxCal0%2FU6OjB9a7aUnQm8X8tvpvn%2FUlqJ5jBvHSHEKQVNh%2Bt5QmUrpKE9IKD2iwqX%2F48kj63IEi6PzZnQM3cYV4mEVxFJNaPgV5hMBDOuCfPyP1ZBH3zGP%2BA%3D%3D,2026-02-08T10:50:44.223Z
7fc50f2e-08d9-4f68-ba28-acabb5375be4,f15cf6bd-69ef-4dce-a12e-628fa884c7ed,packaging,https://storage.googleapis.com/mealmind-product-images/products/9854b03c-d58b-4309-b466-2a8cba05ec78-17705479431221903608203064382059.jpg?GoogleAccessId=mealmind-admin%40mealmind-485208.iam.gserviceaccount.com&Expires=1771152770&Signature=lhyOrHbgK%2FFo3d6DcIvaTls1PoClyX29mMZpP5Y9%2BjOhPHLax1X1raHvqE%2BFytxUz%2FpLH42hdOB%2F2MyXZG6TWbgKs7Ua6nbE1b2AzIrQtXB65Eysb8l93c7bMO1W7HfosRUHlfV4viyVvT8660oB3nIIKzpmhBbhaHM8tzn7awpoWPlAJtJkr342zmsT483rJ5jclYWC9d3uDUbVwXnjtNDtYl3TPQXim4bjnzm1%2FSI1%2ByhUQ82YwvWjGBMZ4jsLUZsFdDMdzZ2eoko%2B%2FI5xGGyKjtk82SbMnkNEYuvjEut0ogDETgOihrzo0Tnu7oCkgwlIJqiaMeZPnKgQju31KQ%3D%3D,2026-02-08T10:54:23.543Z
a867e55a-6e04-489b-9a3c-042d0aa6ea27,f15cf6bd-69ef-4dce-a12e-628fa884c7ed,ingredients,https://storage.googleapis.com/mealmind-product-images/products/17b4c3a4-db58-4aa4-b632-fa7eae8fe3dd-17705479763748514717920488266863.jpg?GoogleAccessId=mealmind-admin%40mealmind-485208.iam.gserviceaccount.com&Expires=1771152787&Signature=UY%2FeBj6WqZpp8dcI0EXZ4U0FeWR%2B%2FvjYT3NZiKQMYy4E38LU985jdbnuVtmD1lLqfkYEzHiznijP0iT5qkwBJwda5DHudB8zjkbQ%2BrWPKRhAXZZFuLFesV1XLV3pypRxhUPYQiv3bfQjWnP2HnBQQgfB5WG2txMbcOfvSV%2FKhxhCNNjWlC5%2Bzwpi0cpsmxV%2F8sBZFWlj3DWEJM%2BZVKH90jyFvYKOWxzkHF6m2iKMvZZNrcZJjVgvaxB%2BzL3Yy%2FDKh23iH1s6RIWmls5Def9DOHkPG6arpl9ePjVZwuQ30SnMje83vGxhxXV3e95UZKCaIqV5sx4onFb%2Bx8PRXkTyKA%3D%3D,2026-02-08T10:54:23.543Z
589dd50d-d2ba-407d-8798-93bc7c4641a0,f15cf6bd-69ef-4dce-a12e-628fa884c7ed,other,https://storage.googleapis.com/mealmind-product-images/products/8d364926-434b-43ff-a5bb-fa6fb42d54a5-17705479940035177299119144201968.jpg?GoogleAccessId=mealmind-admin%40mealmind-485208.iam.gserviceaccount.com&Expires=1771152806&Signature=fsUQ%2FPY8owzwcwC%2BFMP%2Fyis5dm92iwt9iTprdsXWJcpuOa%2Bn2MTSNQWk4Zyb0f%2BxUM97viFQG3hbhcZuTtytTZoishSl0kbh1N6xnRp2SfLz0kHo4xw4Jeym%2BvSUnLwZvtVOXKro3yaApMFbpuVRc1IRubrTGTZ3sRz7UyqZKtaNIyoVrrk9Dg33WTnozT4WaAYpckwMT4LKAs2jEXifxlj7aXat%2BXnZbIpma74OBOBC7u41nRCc8sp71epZ0AxFMdg%2BL96ZBDp1Wae4Af1xLh47Q2wSqz%2F6TC1cGdHSWVwsCqLhQyIALsSzTHOs5PDobgifmtfcW4omTFpcYD3RZA%3D%3D,2026-02-08T10:54:23.543Z
1304a17a-a6b1-484a-ad2a-633aaf54f699,25db49c9-1122-4e48-b65f-da08e805b097,packaging,https://storage.googleapis.com/mealmind-product-images/products/3664d97a-16bd-4ee0-9d5d-3f12050afabc-17722626492931120824507282141134.jpg?GoogleAccessId=mealmind-admin%40mealmind-485208.iam.gserviceaccount.com&Expires=1772867485&Signature=riqzkLOHQndRqa36syu%2BRmez5N4icQk3dbyImm0QqUuc6qvptRW%2BzrjWb9IG8o3ynr1jpIiVY1y%2BLdciMczwl6tMAW%2FVvgi0JVCMufXgAOKZ2ToW7QXL5323JlGFQc8kN3BLJORCOufek3blXJ2gul7Qqvwdi%2BqIIpQtf78464fetkg5oDAgZbgsapJTtdctqKjMWUa1iGBqftK34Ux658zISUN%2FRLpr3zGCMzYERW%2BVQLYmQRBAjjIBNRXJkgaGKtCaIoXnB%2B93ws%2B1PF7Iy4ga0Qye3R4zJ4m84YyeamN1%2F8vUEN0ZRVbrFbJuMWoqC4%2BHCD2pCRlunaD6irOrWA%3D%3D,2026-02-28T07:13:31.231Z
07782a5f-d488-4a33-86f4-a2e7e26c6f79,25db49c9-1122-4e48-b65f-da08e805b097,ingredients,https://storage.googleapis.com/mealmind-product-images/products/96b76b97-5f3d-4c9c-b445-981cbb64a743-17722627284687370580536414421926.jpg?GoogleAccessId=mealmind-admin%40mealmind-485208.iam.gserviceaccount.com&Expires=1772867546&Signature=PFc%2FjUVkZ34pi8ZltW0JQ2oJCf4BEqCgK1vMeGzeQ3a0oEpQubJykTsBsjTzEvjwuKFpHLXwm93EPeuB6h9aale0Qumwmuze5cYZcqjFm6WXOJ25LP%2BbSRfWmhkxeIy105jHzdnxU363xN8EI3aea9ZbTm44fommB1zbozBlcNlurpAQkS7o%2BiMXZFoo6dgroC34xixLhdrAY7JbPbRUq5RzjHB62iPV4APhWcdfGR6jVyXD7sMp%2FZaBsP8YlD%2Bl2jqlVvkPBh1dsPokmXH88bTN08P7UFj7yx84LbL3%2F2INFaWy%2Fb5%2Bl7PBGt9MRp3Fg6RgRarsb6Rbhk0KNKP%2Byw%3D%3D,2026-02-28T07:13:31.231Z
716c8d1b-c5bf-4747-abf3-30c9a9ac2025,25db49c9-1122-4e48-b65f-da08e805b097,other,https://storage.googleapis.com/mealmind-product-images/products/3dae9939-c6b0-4281-bcf9-a54e4cd5984d-17722627521055583014988416967433.jpg?GoogleAccessId=mealmind-admin%40mealmind-485208.iam.gserviceaccount.com&Expires=1772867566&Signature=pGRAy%2FGF2NMhFlkIjCP2SlIQRGe%2Faxyrm7V9FfBcE9KWIVYzrOucBmfK%2Bf2Sn3G1ejtPqsR%2Ft1ZFZbc0rBw8HHodlP%2FeAEFDIC%2FPDBUdetXs8f7zI4iH0CIKP6DbuoRrl3syVXH1sWNmQRdg3V0uzI9WzzVxxmN3ktfaN9pVtLF9SiMHRsFPa7SVYUYzn7YFbsKZxu0sJapr8cArGuhIN6jjH%2F8jZyMTqegIOzKv%2FhLaNONd%2BTFqFUNZ7aQkKeA6tScMcpw2IpvFgAImHJZHeB769gGIcgbzgaYLy2MTuODMc1JWne7InbRyI1wzazuldQhd1sscgUJwc7S%2F%2Fjj0%2Fw%3D%3D,2026-02-28T07:13:31.231Z
6b0aa8c0-6268-4e4c-8abf-5d745a89f7ae,66a6bfdd-aa21-468f-b6fc-16eaf6c4d423,packaging,https://storage.googleapis.com/mealmind-product-images/products/2af107e6-c218-4445-a1ca-bbfc610b2034-17722709440598816891590564509085.jpg?GoogleAccessId=mealmind-admin%40mealmind-485208.iam.gserviceaccount.com&Expires=1772875766&Signature=qribl%2Bq178X7Mcefw1NkdCXwP9mmE2ctWZTeACKNNQjj%2BkMf1vwuZD6qhISUHHVaRrSDxbffJ%2B%2Fb4udNIh9WPdX49wHNl0WpEZ%2FSQosfKvYvjl9BVbWUoKaBNBN3Y%2Bo1aEpwHGlh6bRNitcrhM8OVX2Y4sQJIwoCybCpPjKZOBDwJLPHeFMcMCGbikll%2BefcateVKGEg%2B9FuEotaEfFRjMUJiIbictacY%2BlVx8N%2FZL91anG0C%2FwbB1%2F4ADa7HaO%2Fg%2BkMQ5D2WUFMbYQ%2BxDA7JS06Kgxzozep0e0Qw3FKhlsd2O5ms9u8wzEXM4jMFRfLUqdmXVddBI5BsvhhdMrTSg%3D%3D,2026-02-28T09:30:24.614Z
6beff133-7df0-4172-9544-597a8c0a4741,66a6bfdd-aa21-468f-b6fc-16eaf6c4d423,ingredients,https://storage.googleapis.com/mealmind-product-images/products/029793a3-7c0b-4b56-bd94-32caca8695c2-17722709715977158352175218350810.jpg?GoogleAccessId=mealmind-admin%40mealmind-485208.iam.gserviceaccount.com&Expires=1772875790&Signature=Bon7nYqk3EwSsQNtBmWBj1IX%2F8NEBRQQ2%2BEuwXeSzliX3Izn92tT9l%2FDnpqBzo7uJTeQGO54ZPQcWceru4SNhS6iT5HhXrXaIHMxhL6ZGu9lK7n80n9SzfwDVcQW8M3%2FHM7N03CU3%2F2PPLYbNUEYvUY3sYXcIbjUpVmFMw8pBborM8lJ3jVElaTSTEt3U%2FZl2BY2ExQwFXatxBpbg8fyd7T2LGFOozV3aeZYLj9gM%2F5%2Bg%2FjAOhJidm9bGmbhci4qej7nTVpMw2Q46C0onUzyRmPE1em2HX4uah5qV7KcWMjFBOHNSSluNxXtW4hIcFM5RjKxvqv6%2FvaRTG0%2BsVH89Q%3D%3D,2026-02-28T09:30:24.614Z
fc54b190-47ca-439a-9b16-6ba1e2b92e0c,d3f72066-09d1-431d-b1aa-77659891beb3,packaging,https://storage.googleapis.com/mealmind-product-images/products/8ea5a740-8f83-458c-b214-945250e65939-17722714118138839604851362276474.jpg?GoogleAccessId=mealmind-admin%40mealmind-485208.iam.gserviceaccount.com&Expires=1772876237&Signature=JkreUu7LnLg7bl7hfQMz0hLxSaMlund5RxWHLcXwqLcpGPXJ76L42bVMdizwhYTCZSbuJ1dX3BiamT32nfdr7bczPlIHAaWkxM6gvKZDlpMUb1lE7%2BL3SWuBok5uuDwpMKjVP81atOx9a9ThhXblnF4uGt9O3gZ2z%2FHDh2oTQy%2BoJoMqBiHbfZVpc4ZCxakGa0r3XZK0OLLXRyBZj2ao3PVruOLBl9JuPBA2FhiBoKjZqBcvIid0FjEQc4G9lhg4Pvciw4lC9YKOp1lJzwat2Gyx53C%2FhIo6LHjxaJv8UxtV4HPxs%2BhquLIdCMypKp%2FLkXlCt3BZf959q6%2B6DLPvJw%3D%3D,2026-02-28T09:38:42.047Z
2ceaf84b-6329-450d-adbe-daa3cf3a4556,d3f72066-09d1-431d-b1aa-77659891beb3,ingredients,https://storage.googleapis.com/mealmind-product-images/products/4b2a1bd8-98a4-43eb-ac0b-219d18b84eb4-17722714398664135153612903430641.jpg?GoogleAccessId=mealmind-admin%40mealmind-485208.iam.gserviceaccount.com&Expires=1772876272&Signature=tMhwtVBKSQi6TUmmPZ2wLpv3KxfuKl6kE1qV2L54mJH5lURETWqrAILfSqC2SA5f002AW8TEBp3%2FXJui7V8GOV%2BhQgxRSOVpc%2FcXyVaXVoBFyu%2BxGQh50ZGrYZs9jZo7nntOnwPiNTKvi0tFDZIa%2BIWRKgPYY9%2Fpf4s3n6x1r0Qu%2BHlsN6793wX4hmk6Qe3qZP7%2ByOmv%2FYBP2KqgO2BRgU6iXGlURE5V2YNHGCSSBhpXN%2B5vW3iiZxtoj65G9ymJeZarMBjl6JCdEki0sQNfsmn%2Fe8Nd8x9bFq%2FQOoZugWNw5pjcDn3kLM3auyShbPDYRGReVm3E1NxbzSTrE3EjGw%3D%3D,2026-02-28T09:38:42.047Z
692efaeb-bc7e-4730-9592-1edded6a157f,d3f72066-09d1-431d-b1aa-77659891beb3,other,https://storage.googleapis.com/mealmind-product-images/products/d98e1218-d084-4e4c-b6c2-50d51f5b3535-17722714781518226538947878553289.jpg?GoogleAccessId=mealmind-admin%40mealmind-485208.iam.gserviceaccount.com&Expires=1772876292&Signature=MiBPsyeZcNg6QruMe%2BHaj7byH1QKQDscrERB8nUWEgU8H8uWwgrfJId%2BDpeXKqiSSnPKcliUmVvYnoXjtZkpgtsa95DGyvev3236LHWYjt8ebZzt3JAkvBUCThCL%2FSiuuMVRs2pM3nzlKY5DB6QkGR8lhTbmCvTdyfQz3VaHpxC98959wySenCRCEf0liBqZ%2BnlHPKw3RdcTObRt%2B4N3vHPLiSFcdj%2BNDNwIHOWegnw5w5%2Fpm8%2Frwn0FjuBt9NSqLIxmppzoNZe9WkAWVt9qzDfKxABAQGA5bfHJPRXgHoWSND26crjOe1Pp7BpwL8hg0woVVEZk9xfNwfM1EKTNDQ%3D%3D,2026-02-28T09:38:42.047Z
374d12d7-f82e-48eb-94a7-145d9a33e736,81566245-7f09-459b-82c0-86b15ba0fbb5,packaging,https://storage.googleapis.com/mealmind-product-images/products/5c5b0668-0502-4586-85ff-e5c5cbc8adfc-17723775074061818152320809429423.jpg?GoogleAccessId=mealmind-admin%40mealmind-485208.iam.gserviceaccount.com&Expires=1772982337&Signature=eowalSDECm8%2Bek3fyPXTupEK4yruo9Fj85iAxd%2BFbNVNlVeDma%2F0y5UxRsZjJeMATYgq%2BwvfRAV5u7DejrdQohWPg0GCUnlgb8PTY%2Fax5PV9d7CPul7sCqIZH8zR0jEkrHkA4k73TQFc2MNbCn9wj1L6STaxlqei7TCDBEDD62fmFGD0BQOazoP0PjxL1g%2Fodg3NN2ORx%2FWqL0XZhz0n632GB0o67SrnkRmupkKTJsTW1a5vbLCEab5AZ9SkLgu1OD8m3NOAwMUId2rKkGcYKJIX5bTPeXY%2BryTbxbBtBTyvEATaxxtuK2%2BKQnrxJNNj7VmZz0cnrFX9sLviEbsKNA%3D%3D,2026-03-01T15:06:42.056Z
4ed75055-8dee-4d01-b08b-5aa9c613dc76,81566245-7f09-459b-82c0-86b15ba0fbb5,ingredients,https://storage.googleapis.com/mealmind-product-images/products/00c462ef-0eee-4106-afaa-e0bfa3034e33-17723775416911840779443041385917.jpg?GoogleAccessId=mealmind-admin%40mealmind-485208.iam.gserviceaccount.com&Expires=1772982361&Signature=eXXD7Kf1lPjFguQ%2BEsXvfssLD2wPiOCKwL6zPCn%2F4STdKw3AsIjMtvDoRuNIxBkbO5UTXdqj%2FogS9n2cVL6aAQjklrE1zCAXoNAhFfar0UGrB%2FI81Y5eIIH5IV54ExJDkNb6hOswlW6N2DPuVrRBJZpDp0sFJ3uXlhBVLQQgcpJnRSuWzG%2Bxyk3zL%2BzOe9vXLZ0FRxcabe2F6kk95zb3rslFtlmVTy3ghm044m4CII7XyYvsaVZjOOuPP7uMbf6yyPta2Z2Rh4JTuwJ7KajllifT1lp4pADv2W4FNaO8LsWfhid%2FuEOa4BTiNvTEtCFwTe6TgBx24g3ZqMLDEz%2FKhQ%3D%3D,2026-03-01T15:06:42.056Z
9c007c2d-60c5-4603-960f-0206e3b17e5a,81566245-7f09-459b-82c0-86b15ba0fbb5,other,https://storage.googleapis.com/mealmind-product-images/products/531218b3-7ab0-4075-bd28-c7223381819c-17723775660317813618328000333044.jpg?GoogleAccessId=mealmind-admin%40mealmind-485208.iam.gserviceaccount.com&Expires=1772982394&Signature=T9ColhUKHlBRRIHidV7MebTSqZc1GBvP%2BzIBgxIMvkLhUMvs23yH6nlPOX0YBHXIyI9bwMLGPgcac0TaYe%2FvWrJsaI%2B9s0bltIjUQiJ9kfUcCJfJwVK7uY8EXe6CWoWF1GgcoWc1Q50dHAfjXTU0%2FX25L7C%2F0xcPJlv5tRmaYAFB4%2BC7L%2Bo11Y5F4Da31YG4h1x4kIqLRgLaskJMq2pBj9t%2Bglk0pzqxTztA1bTZ6LfSBeXK%2FwRsaxhGdW1%2BKawAmOc0yAlZBwPFezOK6KmMI6EqeNK7xvRHyZwPBzkbNLSZb8WSJVQxy924ZOa2l6eryAbD%2FffD868DjrJB4DwJ9A%3D%3D,2026-03-01T15:06:42.056Z